Date,Transaction ID,Description,Reference,Type,Amount,Status
2026-02-08 23:14:32,13,Test Statement Verification,TXN-2026-00000028,DEPOSIT,500.00,COMPLETED
2026-02-08 23:08:21,11,Test Deposit,TXN-2026-00000021,DEPOSIT,1000.00,COMPLETED
2026-02-08 23:08:19,10,Test Deposit,TXN-2026-00000020,DEPOSIT,1000.00,COMPLETED
2026-02-08 23:08:19,9,Test Deposit,TXN-2026-00000019,DEPOSIT,1000.00,COMPLETED
2026-02-08 23:08:17,8,Test Deposit,TXN-2026-00000018,DEPOSIT,1000.00,COMPLETED
2026-02-08 23:08:16,7,Test Deposit,TXN-2026-00000017,DEPOSIT,1000.00,COMPLETED
2026-02-08 23:08:16,6,Test Deposit,TXN-2026-00000016,DEPOSIT,1000.00,COMPLETED
2026-02-08 23:08:15,5,Test Deposit,TXN-2026-00000015,DEPOSIT,1000.00,COMPLETED
2026-02-08 23:08:14,4,Test Deposit,TXN-2026-00000014,DEPOSIT,1000.00,COMPLETED
2026-02-08 23:08:08,3,Initial Investments 2082,TXN-2026-00000013,DEPOSIT,500000.00,COMPLETED
2026-02-08 23:08:05,2,Test Deposit,TXN-2026-00000012,DEPOSIT,1000.00,COMPLETED
2026-02-08 23:03:11,1,Test Deposit,TXN-2026-00000009,DEPOSIT,1000.00,COMPLETED
